Ticker,Previous Close,Volume,Market Cap,Total Debt,Net Receivables,Inventory,Property Plant and Equipment,Total Liabilities,Shares OutstandingBeta,PE Ratio (TTM),EPS (TTM),Dividend,Dividend %,Cash/sh,Shares Outstanding,Beta,Cash And Cash Equivalents,NET-NET
Total Debt,Net Receivables,Inventory,Property Plant and Equipment,Total Liabilities,Shares OutstandingBeta,PE Ratio (TTM),EPS (TTM),Dividend,Dividend %,Cash/sh,Beta,Cash And Cash Equivalents,NET-NET,Shares Outstanding,,,,
4450000000.0,0.0,0.0,0.0,0.0,0.0,2.4,28.21,0.0,0.0,0.0,1.85,0.0,0.0,605510000.0,,,,
24080000000.0,1752000000.0,1359000000.0,32939000000.0,47470000000.0,0.0,12.93,3.07,0.0,0.0,0.0,1.48,295000000.0,-26.58465614210332,460510000.0,,,,
33740000.0,13241000.0,0.0,0.0,230256000.0,0.0,55.77,0.052,0.0,0.0,0.0,0.77,24547000.0,-9.668061728395061,20250000.0,,,,
61030000.0,65734000.0,75768000.0,197943000.0,119708000.0,0.0,19.57,1.747,0.0,0.0,0.0,1.36,83984000.0,12.66007614213198,19700000.0,,,,
0.0,52009000.0,70786000.0,142375000.0,59554000.0,0.0,45.63,0.88,0.0,0.0,0.0,0.62,21457000.0,3.419015499425947,52260000.0,,,,
114600000000.0,35673000000.0,4855000000.0,33783000000.0,241272000000.0,0.0,20.28,11.038,0.0,0.0,0.0,1.26,20289000000.0,-32.71589026915114,4830000000.0,,,,
2500000000.0,194478000.0,34700000.0,4003101000.0,3165606000.0,0.0,9.35,6.844,0.0,0.0,0.0,1.34,280809000.0,50.117813844348845,25570000.0,,,,
2500000000.0,194478000.0,34700000.0,4003101000.0,3165606000.0,0.0,9.35,6.844,0.0,0.0,0.0,1.34,280809000.0,50.117813844348845,25570000.0,,,,
0.0,56064000.0,45465000.0,31172000.0,170668000.0,0.0,205.95,0.357,0.0,0.0,0.0,0.8,75105000.0,0.0066786694101508915,58320000.0,,,,
2180000.0,54648.0,5633005.0,20033880.0,3516834.0,0.0,25.72,0.08,0.0,0.0,0.0,1.29,62636484.0,8.217536923847696,9980000.0,,,,
961780000.0,0.0,17475000.0,117738000.0,7051724000.0,0.0,28.15,1.71,0.0,0.0,0.0,1.31,291858000.0,-139.59155092592593,47520000.0,,,,
ABDC,6.37,61221.0,86840000.0,0.0,0.0,0.0,0.0,0.0,0.0,0.0,0.0,0.0,0.0,0.0,0.0,,,
ABEO,14.35,229125.0,685589000.0,0.0,107000.0,0.0,1374000.0,8668000.0,0.0,0.0,0.75,0.0,0.0,0.0,47940000.0,0.87,137750000.0,2.722908844388819
ABIL,3.36,56058.0,11170000.0,0.0,4488000.0,50000.0,1388000.0,19422000.0,0.0,0.0,3.714,0.0,0.0,0.0,3300000.0,-0.26,1944000.0,-3.848181818181818
ABIO,0.54,190720.0,7519000.0,0.0,0.0,0.0,42000.0,2090000.0,0.0,0.0,1.06,0.0,0.0,0.0,13920000.0,3.83,8702000.0,0.47801724137931034
ABMD,390.94,333340.0,17764000000.0,0.0,70010000.0,50204000.0,117167000.0,96851000.0,0.0,110.35,3.59,0.0,0.0,0.0,44880000.0,0.41,42975000.0,3.1394942067736187
ABTX,43.8,12727.0,588174000.0,324350000.0,0.0,570000.0,18477000.0,2553366000.0,0.0,27.8,1.58,0.0,0.0,0.0,13370000.0,1.8,182103000.0,-175.95370231862378
ABUS,9.65,163074.0,531881000.0,0.0,870000.0,0.0,12183000.0,54688000.0,0.0,0.0,1.23,0.0,0.0,0.0,55400000.0,1.87,54292000.0,0.22453971119133573
ACAD,13.76,985819.0,1739000000.0,0.0,18430000.0,5248000.0,2662000.0,49221000.0,0.0,0.0,2.03,0.0,0.0,0.0,125010000.0,4.01,69418000.0,0.31441884649228063
ACBI,17.75,25138.0,466611000.0,279480000.0,0.0,1215000.0,12054000.0,2582996000.0,0.0,241.55,0.07,0.0,0.0,0.0,26100000.0,0.56,319333000.0,-86.24526819923372
ACER,31.75,43028.0,318479000.0,0.0,0.0,0.0,62984.0,2033204.0,0.0,0.0,2.65,0.0,0.0,0.0,10050000.0,3.09,15644355.0,1.360610447761194
ACET,3.08,229909.0,88823000.0,319420000.0,272469000.0,136387000.0,10428000.0,633118000.0,0.0,0.0,5.93,0.0,0.0,0.0,30790000.0,1.88,55680000.0,-9.56364891198441
ACGL,30.35,1257443.0,12337000000.0,2540000000.0,3319199000.0,0.0,0.0,21805723000.0,0.0,24.43,1.25,0.0,0.0,0.0,405300000.0,0.57,606199000.0,-46.16364359733531
ACGLO,24.09,11791.0,12150000000.0,2540000000.0,3319199000.0,0.0,0.0,21805723000.0,0.0,19.27,1.246,0.0,0.0,0.0,404800000.0,0.68,606199000.0,-46.220663908102765
ACGLP,23.48,20371.0,11990000000.0,2540000000.0,3319199000.0,0.0,0.0,21805723000.0,0.0,18.8,1.246,0.0,0.0,0.0,404800000.0,0.68,606199000.0,-46.220663908102765
ACHC,36.28,842728.0,3177000000.0,3220000000.0,296925000.0,0.0,3048130000.0,3829214000.0,0.0,13.94,2.58,0.0,0.0,0.0,88270000.0,0.46,67290000.0,-5.5636144783052
ACHN,3.23,402384.0,443475000.0,206.0,1595000.0,0.0,2816000.0,13098000.0,0.0,0.0,0.582,0.0,0.0,0.0,138590000.0,0.24,43496000.0,0.2482881160256873
ACHV,2.72,46792.0,12333000.0,0.0,0.0,0.0,58000.0,0.0,0.0,0.0,13.66,0.0,0.0,0.0,4550000.0,2.74,0.0,0.012747252747252748
ACIA,39.51,756717.0,1597000000.0,0.0,86602000.0,62232000.0,28175000.0,109200000.0,0.0,0.0,0.36,0.0,0.0,0.0,40550000.0,1.23,67495000.0,2.035450061652281
ACIU,8.41,52113.0,542943000.0,558.99,3602000.0,0.0,2353000.0,15174000.0,0.0,0.0,0.48,0.0,0.0,0.0,67360000.0,1.23,124377000.0,1.6962217933491686
ACIW,28.42,270520.0,3351000000.0,679890000.0,270766000.0,0.0,80228000.0,1097042000.0,0.0,1315.91,0.02,0.0,0.0,0.0,115760000.0,1.43,69710000.0,-6.427345369730477
ACLS,18.85,236517.0,620417000.0,47730000.0,75302000.0,120544000.0,36168000.0,134608000.0,0.0,4.95,3.88,0.0,0.0,0.0,32360000.0,0.72,133407000.0,4.688365265760198
ACMR,12.14,28311.0,184228000.0,9930000.0,0.0,0.0,0.0,0.0,0.0,55.5,0.21,0.0,0.0,0.0,13960000.0,0.72,0.0,0.0
ACNB,40.15,9268.0,277328000.0,116230000.0,0.0,436000.0,26774000.0,1441466000.0,0.0,18.64,2.114,0.0,0.0,0.0,7040000.0,0.38,32672000.0,-196.27869318181817
ACOR,18.05,649967.0,817908000.0,339010000.0,81403000.0,37501000.0,36669000.0,677982000.0,0.0,0.0,3.42,0.0,0.0,0.0,47480000.0,2.4,307068000.0,-5.358935341196293
ACRS,15.07,94664.0,473385000.0,552.0,481000.0,0.0,2159000.0,18247000.0,0.0,0.0,3.38,0.0,0.0,0.0,30980000.0,1.14,20202000.0,0.14443996126533248
ACRX,3.4,645317.0,206040000.0,15680000.0,1533000.0,956000.0,11051000.0,112061000.0,0.0,0.0,0.9,0.0,0.0,0.0,60600000.0,2.17,52902000.0,-0.7670008250825082
ACSF,3.68,5458.0,36800000.0,92300000.0,2993000.0,0.0,0.0,103801000.0,0.0,7.13,0.52,0.0,0.0,0.0,10000000.0,1.19,1756000.0,-9.980025
ACST,0.5446,54414.0,19988000.0,1250000.0,759000.0,104000.0,2821000.0,14735000.0,0.0,0.0,0.903,0.0,0.0,0.0,25640000.0,1.93,8223000.0,-0.11972503900156006
ACT,26.46,20914.0,19988000.0,1250000.0,759000.0,104000.0,2821000.0,14735000.0,0.0,0.0,0.903,0.0,0.0,0.0,25640000.0,1.93,8223000.0,-0.11972503900156006
ACTG,3.45,95391.0,167046000.0,0.0,153000.0,0.0,0.0,13109000.0,0.0,0.0,0.242,0.0,0.0,0.0,49500000.0,0.72,136604000.0,2.4971666666666668
ACWI,73.42,3003302.0,167046000.0,0.0,153000.0,0.0,0.0,13109000.0,0.0,0.0,0.242,0.0,0.0,0.0,49500000.0,0.72,136604000.0,2.4971666666666668
ACWX,46.82,1688760.0,167046000.0,0.0,153000.0,0.0,0.0,13109000.0,0.0,0.0,0.242,0.0,0.0,0.0,49500000.0,0.72,136604000.0,2.4971666666666668
ACXM,47.67,1022032.0,3759000000.0,228760000.0,176921000.0,0.0,156533000.0,460158000.0,0.0,177.73,0.27,0.0,0.0,0.0,77470000.0,1.81,142279000.0,-0.36988834387504843
ADAP,11.02,385868.0,1046000000.0,0.0,11660000.0,3760000.0,40679000.0,78163000.0,0.0,0.0,0.988,0.0,0.0,0.0,94450000.0,0.83,84043000.0,0.6054420328215987
ADBE,268.52,5712083.0,1.34633e+11,1880000000.0,1217968000.0,0.0,936976000.0,6075687000.0,0.0,63.37,4.34,0.0,0.0,0.0,489660000.0,0.75,2306072000.0,-3.9193787526038477
ADES,11.37,27952.0,228878000.0,0.0,4360000.0,74000.0,410000.0,9163000.0,0.0,6.61,1.72,0.0,0.0,0.0,20110000.0,-0.07,30693000.0,1.2554450522128295
ADI,92.4,2261447.0,34387000000.0,6560000000.0,688953000.0,550816000.0,1107304000.0,10979754000.0,0.0,24.64,3.76,0.0,0.0,0.0,371670000.0,1.15,1047838000.0,-21.611884870987705
ADIL,2.94,5687.0,18737000.0,969.33,0.0,0.0,0.0,1032099.0,0.0,0.0,0.41,0.0,0.0,0.0,6570000.0,1.15,18248.0,-0.1543152207001522
ADMA,6.34,120407.0,291075000.0,40900000.0,0.0,0.0,0.0,0.0,0.0,0.0,1.62,0.0,0.0,0.0,46350000.0,3.75,0.0,0.0
ADMP,3.15,268572.0,143056000.0,4830000.0,830090.0,1824558.0,6559664.0,11855674.0,0.0,0.0,0.98,0.0,0.0,0.0,47290000.0,0.23,17323241.0,0.28678531401987734
ADMS,22.18,314079.0,594792000.0,111280000.0,1374000.0,1704000.0,3132000.0,120050000.0,0.0,0.0,4.94,0.0,0.0,0.0,27190000.0,1.83,91316000.0,-0.8723611621919823
ADOM,0.5548,572289.0,46148000.0,1800000.0,1000000.0,225000.0,487000.0,2982000.0,0.0,0.0,0.294,0.0,0.0,0.0,72500000.0,1.83,2446000.0,0.011220689655172414
ADP,146.92,803616.0,64608000000.0,2000000000.0,1984200000.0,0.0,793700000.0,33629100000.0,0.0,40.3,3.66,0.0,0.0,0.0,438080000.0,0.89,2170000000.0,-66.60256117604091
ADRA,32.25,535.0,64608000000.0,2000000000.0,1984200000.0,0.0,793700000.0,33629100000.0,0.0,40.3,3.66,0.0,0.0,0.0,438080000.0,0.89,2170000000.0,-66.60256117604091
ADRD,22.15,27974.0,64608000000.0,2000000000.0,1984200000.0,0.0,793700000.0,33629100000.0,0.0,40.3,3.66,0.0,0.0,0.0,438080000.0,0.89,2170000000.0,-66.60256117604091
ADRE,40.07,4053.0,64608000000.0,2000000000.0,1984200000.0,0.0,793700000.0,33629100000.0,0.0,40.3,3.66,0.0,0.0,0.0,438080000.0,0.89,2170000000.0,-66.60256117604091
ADRO,6.47,245188.0,533654000.0,0.0,0.0,0.0,0.0,0.0,0.0,0.0,1.25,0.0,0.0,0.0,79060000.0,1.93,0.0,0.0
ADRU,21.45,2325.0,533654000.0,0.0,0.0,0.0,0.0,0.0,0.0,0.0,1.25,0.0,0.0,0.0,79060000.0,1.93,0.0,0.0
ADSK,151.38,1379124.0,33088000000.0,1590000000.0,0.0,0.0,0.0,0.0,0.0,0.0,1.89,0.0,0.0,0.0,218620000.0,1.81,0.0,0.0
ADTN,18.8,181306.0,895110000.0,25600000.0,170728000.0,122542000.0,85079000.0,171183000.0,0.0,0.0,0.28,0.0,0.0,0.0,47740000.0,0.4,86433000.0,3.9724759111855885
ADUS,68.35,146507.0,873337000.0,101850000.0,0.0,0.0,0.0,0.0,0.0,51.07,1.35,0.0,0.0,0.0,12630000.0,-1.14,0.0,0.0
ADVM,6.15,362961.0,385569000.0,0.0,0.0,0.0,0.0,0.0,0.0,0.0,1.24,0.0,0.0,0.0,62690000.0,4.25,0.0,0.0
ADXS,0.79,1754471.0,42576000.0,0.0,5952682.0,0.0,7111081.0,39381611.0,0.0,0.0,2.078,0.0,0.0,0.0,52820000.0,4.25,23899809.0,-0.07395322794396061
AEGN,24.07,55655.0,789683000.0,340640000.0,0.0,0.0,0.0,0.0,0.0,0.0,2.46,0.0,0.0,0.0,32310000.000000004,1.91,0.0,0.0
AEHR,2.34,55227.0,50054000.0,6110000.0,2856000.0,9049000.0,1203000.0,11670000.0,0.0,114.0,0.02,0.0,0.0,0.0,21950000.0,0.58,16848000.0,0.5944191343963553
AEIS,53.16,275580.0,2100000000.0,0.0,88724000.0,78450000.0,17795000.0,212667000.0,0.0,14.57,3.69,0.0,0.0,0.0,39110000.0,1.09,407283000.0,8.135489644592177
AEMD,1.0,54894.0,17976000.0,871.44,74813.0,0.0,27552.0,1319110.0,0.0,0.0,0.34,0.0,0.0,0.0,17800000.0,1.7,6974070.0,0.3223944803370786
AERI,59.45,177873.0,2675000000.0,124000000.0,0.0,0.0,31932000.0,154677000.0,0.0,0.0,4.96,0.0,0.0,0.0,45220000.0,0.5,197569000.0,1.6546660769570987
AETI,0.87,80551.0,7481000.0,5990000.0,6061000.0,7761000.0,6920000.0,21400000.0,0.0,0.0,0.452,0.0,0.0,0.0,8920000.0,0.37,2289000.0,-0.42205717488789235
AEY,1.41,8015.0,14429000.0,2980000.0,5814191.0,22333820.0,6020572.0,13149422.0,0.0,0.0,0.27,0.0,0.0,0.0,10310000.0,1.37,3972723.0,1.1999443501454898
AEZS,1.64,58399.0,26492000.0,0.0,221000.0,643000.0,101000.0,24978000.0,0.0,17.39,0.09,0.0,0.0,0.0,16440000.000000002,0.19,7780000.0,-1.0103254257907541
AFH,10.3,72262.0,126532000.0,24140000.0,79664000.0,0.0,24439000.0,391858000.0,0.0,0.0,3.16,0.0,0.0,0.0,11940000.0,0.94,45615000.0,-21.947738693467336
AFIN,16.69,583154.0,1809000000.0,1360000000.0,0.0,0.0,2799923000.0,1555594000.0,0.0,0.0,0.61,0.0,0.0,0.0,53590000.0,0.94,107666000.0,25.228494122037695
AFMD,4.65,1082248.0,283875000.0,6930000.0,1392000.0,241000.0,1113000.0,11579000.0,0.0,0.0,0.7,0.0,0.0,0.0,62390000.0,3.46,39837000.0,0.48942939573649624
AFSI,14.52,208697.0,2859000000.0,1700000000.0,2858759000.0,0.0,453378000.0,21848563000.0,0.0,27.88,0.52,0.0,0.0,0.0,197580000.0,1.08,763121000.0,-93.57219733778723
AGEN,1.92,896812.0,223166000.0,13740000.0,1134493.0,79491.0,26178622.0,214217816.0,0.0,0.0,1.48,0.0,0.0,0.0,113280000.0,3.06,60186617.0,-1.1207800295727401
AGFS,6.2,181521.0,321097000.0,409750000.0,85597000.0,24109000.0,12200000.0,567183000.0,0.0,205.16,0.031,0.0,0.0,0.0,50490000.0,0.85,64533000.0,-8.203560110913052
AGIO,74.51,216541.0,4259000000.0,0.0,3670000.0,0.0,24431000.0,238894000.0,0.0,0.0,6.17,0.0,0.0,0.0,57990000.0,2.25,102724000.0,-1.8794016209691327
AGLE,8.46,158797.0,187914000.0,0.0,3494000.0,0.0,854000.0,5740000.0,0.0,0.0,1.81,0.0,0.0,0.0,22080000.0,-0.02,12817000.0,0.47787590579710143
AGMH,20.8,39015.0,426322000.0,1360000.0,583307.0,0.0,99630.0,16628159.0,0.0,105.26,0.19,0.0,0.0,0.0,21320000.0,-0.02,7696699.0,-0.39373122654784243
AGNC,18.95,2816965.0,9026000000.0,49160000000.0,0.0,0.0,0.0,61622000000.0,0.0,5.46,3.46,0.0,0.0,0.0,477830000.0,-0.21,1046000000.0,-126.77312014733273
AGNCB,25.94,21429.0,9190000000.0,49160000000.0,0.0,0.0,0.0,61622000000.0,0.0,7.5,3.46,0.0,0.0,0.0,434100000.0,0.14,1046000000.0,-139.5438838977194
AGNCN,26.35,137287.0,9179000000.0,49160000000.0,0.0,0.0,0.0,61622000000.0,0.0,7.6,3.46,0.0,0.0,0.0,434100000.0,0.01,1046000000.0,-139.5438838977194
AGND,43.75,2536.0,9179000000.0,49160000000.0,0.0,0.0,0.0,61622000000.0,0.0,7.6,3.46,0.0,0.0,0.0,434100000.0,0.01,1046000000.0,-139.5438838977194
AGRX,0.485,5774599.0,12445000.0,7530000.0,0.0,0.0,13863000.0,14272000.0,0.0,0.0,0.758,0.0,0.0,0.0,34380000.0,1.39,35952000.0,1.0338278068644562
AGTC,3.9,174053.0,70631000.0,0.0,174000.0,0.0,2661000.0,32594000.0,0.0,0.0,0.99,0.0,0.0,0.0,18110000.0,2.62,30706000.0,0.04988956377691883
AGYS,15.76,382777.0,384194000.0,147.0,16389000.0,1999000.0,17512000.0,48776000.0,0.0,0.0,0.31,0.0,0.0,0.0,23530000.0,0.4,39943000.0,0.9337122821929452
AGZD,48.03,18294.0,384194000.0,147.0,16389000.0,1999000.0,17512000.0,48776000.0,0.0,0.0,0.31,0.0,0.0,0.0,23530000.0,0.4,39943000.0,0.9337122821929452
AHPA,10.15,42490.0,100236000.0,475.0,0.0,0.0,0.0,307792352.0,0.0,0.0,0.62,0.0,0.0,0.0,2130000.0,0.4,125886.0,-144.4443502347418
AHPAU,10.25,0.0,101224000.0,475.0,0.0,0.0,0.0,307792352.0,0.0,0.0,0.62,0.0,0.0,0.0,9880000.0,0.4,125886.0,-31.14033056680162
AHPI,2.25,2490.0,9071000.0,682.77,3374993.0,8511954.0,5734041.0,3450369.0,0.0,0.0,0.63,0.0,0.0,0.0,4010000.0,-0.77,995704.0,2.5103735037406483
AIA,60.98,90400.0,9071000.0,682.77,3374993.0,8511954.0,5734041.0,3450369.0,0.0,0.0,0.63,0.0,0.0,0.0,4010000.0,-0.77,995704.0,2.5103735037406483
AIHS,4.84,300.0,127844000.0,1090000.0,2718.0,0.0,8872.0,1495412.0,0.0,0.0,0.45,0.0,0.0,0.0,25880000.0,-0.77,11141566.0,0.37314777820710976
AIMC,38.83,4413950.0,1173000000.0,277000000.0,142133000.0,145611000.0,191918000.0,523952000.0,0.0,21.71,1.84,0.0,0.0,0.0,29360000.0,1.63,51994000.0,-3.4276141008174386
AIMT,29.2,538301.0,1637000000.0,0.0,0.0,0.0,17205000.0,29129000.0,0.0,0.0,3.29,0.0,0.0,0.0,58480000.0,-0.35,73487000.0,1.052718878248974
AINV,5.47,683448.0,1169000000.0,789850000.0,27012000.0,0.0,0.0,893724000.0,0.0,13.67,0.4,0.0,0.0,0.0,214900000.0,0.78,15333000.0,-3.993168915774779
AIPT,1.07,48445.0,13398000.0,0.0,805011.0,265045.0,87716.0,932340.0,0.0,0.0,0.89,0.0,0.0,0.0,13400000.0,1.0,766189.0,0.04909296641791045
AIQ,15.85,2511.0,13398000.0,0.0,805011.0,265045.0,87716.0,932340.0,0.0,0.0,0.89,0.0,0.0,0.0,13400000.0,1.0,766189.0,0.04909296641791045
AIRG,12.66,44004.0,122037000.0,666.67,8418132.0,741557.0,1036860.0,10072929.0,0.0,0.0,0.365,0.0,0.0,0.0,9470000.0,2.29,15026068.0,1.3383713305174234
AIRR,28.02,5897.0,122037000.0,666.67,8418132.0,741557.0,1036860.0,10072929.0,0.0,0.0,0.365,0.0,0.0,0.0,9470000.0,2.29,15026068.0,1.3383713305174234
AIRT,32.95,1137.0,67439000.0,40870000.0,19385786.0,34231005.0,20273171.0,70910863.0,0.0,16.33,2.02,0.0,0.0,0.0,2040000.0,2.51,4803238.0,-6.950790196078431
AKAM,76.16,865451.0,12848000000.0,1530000000.0,459127000.0,0.0,862535000.0,1292121000.0,0.0,70.97,1.07,0.0,0.0,0.0,169500000.0,-0.39,313382000.0,1.3459660766961652
AKAO,4.58,579678.0,202086000.0,24620000.0,1357000.0,0.0,14810000.0,75109000.0,0.0,0.0,3.81,0.0,0.0,0.0,45210000.0,0.61,145219000.0,1.900857111258571
AKBA,7.44,385469.0,444952000.0,0.0,34216000.0,0.0,3617000.0,244916000.0,0.0,0.0,1.369,0.0,0.0,0.0,57050000.0,1.27,70156000.0,-2.5500613496932516
AKCA,24.38,195192.0,2071000000.0,0.0,5413000.0,0.0,0.0,89171000.0,0.0,0.0,1.38,0.0,0.0,0.0,85720000.0,1.27,58367000.0,-0.3119954503033131
AKER,0.2651,1834999.0,26828000.0,0.0,1615986.0,1845281.0,235113.0,1773037.0,0.0,0.0,0.162,0.0,0.0,0.0,86440000.0,-2.75,438432.0,0.011975219805645535
AKRX,13.59,1137470.0,1722000000.0,817800000.0,141383000.0,183568000.0,313418000.0,1078266000.0,0.0,0.0,1.48,0.0,0.0,0.0,125450000.0,1.56,368119000.0,-1.5855540055799122
AKTS,8.0,55857.0,177780000.0,11460000.0,214659.0,57556.0,12820169.0,15458054.0,0.0,0.0,1.04,0.0,0.0,0.0,22220000.0,0.18,14816717.0,0.5566428555355536
AKTX,2.17,52217.0,31582000.0,0.0,0.0,0.0,55898.0,11896372.0,0.0,0.0,2.02,0.0,0.0,0.0,15260000.0,0.27,28106671.0,1.0659368938401048
ALBO,32.8,28690.0,383156000.0,0.0,726000.0,0.0,178000.0,7971000.0,0.0,0.0,2.73,0.0,0.0,0.0,11970000.0,1.78,53231000.0,3.841478696741855
ALCO,33.25,19818.0,272649000.0,175440000.0,4286000.0,36204000.0,349337000.0,253813000.0,0.0,0.0,0.82,0.0,0.0,0.0,8199999.999999999,0.99,3395000.0,14.662865853658538
ALDR,18.6,649086.0,1242000000.0,176050000.0,0.0,0.0,0.0,23861000.0,0.0,0.0,4.5,0.0,0.0,0.0,68240000.0,3.22,286240000.0,3.8449443141852284
ALDX,7.8,33943.0,164653000.0,1340000.0,0.0,0.0,43262.0,4573939.0,0.0,0.0,1.58,0.0,0.0,0.0,20970000.0,1.73,20023337.0,0.7388011444921316
ALGN,379.64,680146.0,31338000000.0,0.0,322825000.0,31688000.0,348793000.0,627486000.0,0.0,108.14,3.608,0.0,0.0,0.0,80320000.0,1.75,449511000.0,5.338405751992032
ALGRU,10.21,0.0,33182000.0,65.0,322825000.0,31688000.0,348793000.0,627486000.0,0.0,0.0,0.0,0.0,0.0,0.0,3250000.0,1.75,449511000.0,131.93253846153846
ALGT,123.45,495704.0,1984000000.0,1140000000.0,71057000.0,17647000.0,1512415000.0,1632210000.0,0.0,9.48,12.953,0.0,0.0,0.0,16160000.0,0.09,59449000.0,0.10954517326732673
ALIM,1.12,85082.0,79844000.0,38010000.0,0.0,0.0,0.0,0.0,0.0,0.0,0.35,0.0,0.0,0.0,70040000.0,2.1,0.0,0.0
ALJJ,1.83,11882.0,67500000.0,96480000.0,49457000.0,9376000.0,54335000.0,143376000.0,0.0,13.19,0.14,0.0,0.0,0.0,37920000.0,1.16,5630000.0,-1.0978441455696202
ALKS,39.7,457099.0,6159000000.0,280390000.0,233590000.0,93275000.0,284736000.0,594419000.0,0.0,0.0,0.916,0.0,0.0,0.0,155300000.0,2.61,191296000.0,0.666084996780425
ALLK,44.49,80305.0,1871000000.0,0.0,0.0,0.0,445000.0,2828000.0,0.0,0.0,16.12,0.0,0.0,0.0,42110000.0,2.61,85207000.0,1.9668487295179293
ALLT,6.21,9845.0,209366000.0,0.0,23656000.0,7897000.0,5002000.0,41396000.0,0.0,0.0,0.45,0.0,0.0,0.0,33710000.0,0.97,15342000.0,0.018940967072085434
ALNA,11.12,107273.0,223501000.0,9980000.0,0.0,0.0,127000.0,13379000.0,0.0,0.0,1.96,0.0,0.0,0.0,20750000.0,0.97,94494000.0,3.915277108433735
ALNY,94.96,714962.0,9779000000.0,30000000.0,34002000.0,0.0,181900000.0,228299000.0,0.0,0.0,5.87,0.0,0.0,0.0,100670000.0,3.35,645361000.0,6.203074401509884
ALOT,22.05,5769.0,155441000.0,22600000.0,22400000.0,27609000.0,9752000.0,58666000.0,0.0,37.79,0.59,0.0,0.0,0.0,6920000.0,-0.32,10177000.0,-1.1752167630057804
ALPN,6.24,6726.0,85875000.0,5120000.0,128000.0,0.0,1089000.0,6305000.0,0.0,0.0,1.178,0.0,0.0,0.0,13850000.0,0.27,8000000.0,0.20794223826714803
ALQA,2.58,11106.0,12113000.0,0.0,0.0,0.0,0.0,0.0,0.0,0.0,4.57,0.0,0.0,0.0,5010000.0,1.44,0.0,0.0
ALRM,57.51,445458.0,2693000000.0,69000000.0,40634000.0,14177000.0,23459000.0,138814000.0,0.0,76.3,0.74,0.0,0.0,0.0,47700000.0,1.18,96329000.0,0.38863731656184486
ALRN,3.0,45562.0,41117000.0,4370000.0,0.0,0.0,154000.0,4891000.0,0.0,0.0,2.07,0.0,0.0,0.0,14740000.0,1.18,11863000.0,0.4834464043419267
ALSK,1.71,178915.0,86690000.0,180170000.0,32535000.0,7046000.0,366113000.0,288276000.0,0.0,31.35,0.05,0.0,0.0,0.0,53180000.0,0.94,4354000.0,2.0706139526137646
ALT,7.501,270613.0,209733000.0,1890000.0,10167896.0,0.0,603146.0,14352610.0,0.0,0.0,2.893,0.0,0.0,0.0,38480000.0,1.07,8769465.0,0.06876099272349272
ALTR,39.98,258609.0,2795000000.0,1080000.0,92689000.0,1980000.0,31446000.0,227280000.0,0.0,0.0,1.42,0.0,0.0,0.0,36740000.0,1.07,39213000.0,-2.3438826891671205
ALTY,15.26,5497.0,2795000000.0,1080000.0,92689000.0,1980000.0,31446000.0,227280000.0,0.0,0.0,1.42,0.0,0.0,0.0,36740000.0,1.07,39213000.0,-2.3438826891671205
ALXN,119.05,1085619.0,26342000000.0,3200000000.0,726500000.0,460400000.0,1325400000.0,4690200000.0,0.0,0.0,0.45,0.0,0.0,0.0,222860000.0,1.0,584400000.0,-8.99813784438661
AMAG,22.95,425539.0,773914000.0,742530000.0,103501000.0,37356000.0,25996000.0,1062992000.0,0.0,0.0,6.43,0.0,0.0,0.0,34470000.0,0.46,192114000.0,-21.71680446765303
AMAT,38.89,9621271.0,38435000000.0,5310000000.0,2338000000.0,2930000000.0,1066000000.0,10070000000.0,0.0,11.98,3.265,0.0,0.0,0.0,982990000.0,1.18,5010000000.0,-0.7889195210531135
AMBA,39.0,794902.0,1270000000.0,0.0,0.0,0.0,0.0,0.0,0.0,0.0,0.12,0.0,0.0,0.0,33409999.999999996,0.92,0.0,0.0
AMBC,21.2,132349.0,966482000.0,16310000000.0,1240505000.0,0.0,0.0,21547116000.0,0.0,9.79,2.18,0.0,0.0,0.0,45330000.0,1.26,623703000.0,-441.0552448709464
AMCA,28.79,17432.0,966482000.0,16310000000.0,1240505000.0,0.0,0.0,21547116000.0,0.0,9.79,2.18,0.0,0.0,0.0,45330000.0,1.26,623703000.0,-441.0552448709464
AMCN,0.435,140491.0,27010000.0,0.0,74750000.0,0.0,61005000.0,114593000.0,0.0,0.0,1.424,0.0,0.0,0.0,62810000.0,-0.16,117547000.0,1.9108661041235473
AMCX,64.04,255173.0,3647000000.0,3130000000.0,0.0,0.0,0.0,0.0,0.0,7.98,8.02,0.0,0.0,0.0,45440000.0,0.31,0.0,0.0
AMD,30.48,215836757.0,31898000000.0,1390000000.0,400000000.0,739000000.0,261000000.0,2929000000.0,0.0,113.22,0.29,0.0,0.0,0.0,974870000.0,4.09,1185000000.0,-0.8344702370572487
AMDA,0.343,2181120.0,3680000.0,2480000.0,1240000.0,1241000.0,1446000.0,9199000.0,0.0,0.0,5.252,0.0,0.0,0.0,11870000.0,-1.46,539000.0,-0.4771272114574558
AMED,120.0,360775.0,3831000000.0,124610000.0,1240000.0,1241000.0,1446000.0,9199000.0,0.0,58.14,2.07,0.0,0.0,0.0,31840000.0,1.27,539000.0,-0.17787374371859296
AMGN,202.93,2308443.0,1.2983e+11,34500000000.0,3237000000.0,2834000000.0,4989000000.0,54713000000.0,0.0,60.09,3.34,0.0,0.0,0.0,647270000.0,1.61,3800000000.0,-65.01035116720998
AMKR,7.66,1265186.0,1849000000.0,1330000000.0,692287000.0,326492000.0,2695065000.0,2830730000.0,0.0,9.3,0.83,0.0,0.0,0.0,239540000.0,2.21,596364000.0,4.772314644735744
AMMA,0.302,255940.0,4445000.0,1050000.0,225787.0,0.0,259463.0,1620849.0,0.0,0.0,1.494,0.0,0.0,0.0,15330000.0,2.21,348197.0,-0.05504558056099152
AMNB,40.3,7259.0,353684000.0,40150000.0,0.0,1225000.0,25901000.0,1607361000.0,0.0,18.81,2.16,0.0,0.0,0.0,8710000.0,0.56,52238000.0,-175.50051664753158
AMOT,48.64,36098.0,467311000.0,64940000.0,31822000.0,32568000.0,38403000.0,100575000.0,0.0,39.74,1.24,0.0,0.0,0.0,9480000.0,1.08,15590000.0,-0.6784282700421941
AMPH,18.48,97393.0,873785000.0,52590000.0,46432000.0,63609000.0,185339000.0,117336000.0,0.0,0.0,0.19,0.0,0.0,0.0,46260000.0,1.1,65594000.0,4.328264159100735
AMR,4.65,609433.0,818300000.0,595080000.0,0.0,0.0,0.0,1036978710.0,0.0,0.0,0.33,0.0,0.0,0.0,179060000.0,1.1,388303.0,-5.78906739081872
AMRB,16.0,1861.0,89971000.0,15500000.0,0.0,961000.0,1158000.0,578701000.0,0.0,28.3,0.55,0.0,0.0,0.0,5820000.0,0.32,38467000.0,-92.5421821305842
AMRH,1.5,46637.0,33891000.0,4930000.0,8838453.0,0.0,95048.0,32748445.0,0.0,0.0,0.57,0.0,0.0,0.0,23370000.0,0.1,4882084.0,-0.904684349593496
AMRK,13.76,13447.0,94573000.0,557660000.0,128076000.0,284659000.0,6607000.0,405477000.0,0.0,110.25,0.12,0.0,0.0,0.0,7030000.0,0.3,13059000.0,-20.97076813655761
AMRN,2.94,4814538.0,852412000.0,117020000.0,45318000.0,30260000.0,28000.0,226698000.0,0.0,0.0,0.33,0.0,0.0,0.0,293940000.0,1.41,73637000.0,-0.35352282778798394
AMRS,8.06,1644225.0,470866000.0,171400000.0,33621000.0,5408000.0,13892000.0,351190000.0,0.0,0.0,2.833,0.0,0.0,0.0,62370000.0,-1.97,57059000.0,-4.0455226871893535
AMSC,6.55,78836.0,138620000.0,0.0,10365000.0,19780000.0,12513000.0,35946000.0,0.0,0.0,1.12,0.0,0.0,0.0,21230000.0,1.33,34084000.0,1.3337140838436174
AMSF,63.95,61999.0,1248000000.0,0.0,174234000.0,0.0,0.0,1092813000.0,0.0,24.82,2.61,0.0,0.0,0.0,19260000.0,0.72,55559000.0,-47.07053478712357
AMSWA,12.87,91860.0,405491000.0,0.0,22018000.0,0.0,3034000.0,50381000.0,0.0,37.59,0.35,0.0,0.0,0.0,29020000.0,0.62,52794000.0,0.756736733287388
AMTD,54.76,1389833.0,31624000000.0,2630000000.0,18796000000.0,0.0,752000000.0,31380000000.0,0.0,25.44,2.19,0.0,0.0,0.0,567650000.0,1.4,1472000000.0,-26.528670835902403
AMTX,1.21,11355.0,23641000.0,171350000.0,2219000.0,5737000.0,78837000.0,174192000.0,0.0,0.0,1.571,0.0,0.0,0.0,20220000.0,-2.68,428000.0,-4.470536597428289
AMWD,83.55,168551.0,1481000000.0,751640000.0,162351000.0,104801000.0,218102000.0,1063680000.0,0.0,21.85,3.853,0.0,0.0,0.0,17590000.0,2.06,78410000.0,-33.71257816941444
AMZN,1989.87,3384106.0,9.60942e+11,45790000000.0,13164000000.0,16047000000.0,48866000000.0,1.03601e+11,0.0,156.03,12.63,0.0,0.0,0.0,487740000.0,1.76,20522000000.0,-33.45327428547997
ANAB,85.62,369134.0,2070000000.0,11620000.0,0.0,0.0,0.0,0.0,0.0,0.0,1.96,0.0,0.0,0.0,24040000.0,1.76,0.0,0.0
ANAT,127.72,15161.0,3481000000.0,136730000.0,358515000.0,0.0,115818000.0,21130993000.0,0.0,6.7,19.327,0.0,0.0,0.0,26890000.0,0.92,375837000.0,-757.5474804760133
ANCB,28.75,766.0,69486000.0,37000000.0,0.0,737000.0,8664000.0,402210000.0,0.0,31.72,0.9,0.0,0.0,0.0,2430000.0,0.84,17568000.0,-154.57181069958847
ANCX,27.41,48027.0,568809000.0,338860000.0,0.0,700000.0,27797000.0,2452270000.0,0.0,20.75,1.32,0.0,0.0,0.0,20800000.0,0.9,15713000.0,-115.78894230769231
ANDE,38.9,104616.0,1106000000.0,659310000.0,183238000.0,648703000.0,808120000.0,1340691000.0,0.0,12.06,3.25,0.0,0.0,0.0,28250000.0,1.25,34919000.0,-1.2698053097345132
ANGI,23.32,557270.0,11197000000.0,267070000.0,28085000.0,0.0,53292000.0,442868000.0,0.0,0.0,0.25,0.0,0.0,0.0,65480000.00000001,2.43,221521000.0,-2.244826664630421
ANGO,23.99,169229.0,881651000.0,91620000.0,39401000.0,48916000.0,42461000.0,162877000.0,0.0,54.05,0.44,0.0,0.0,0.0,37080000.0,0.71,74096000.0,0.2073557173678533
ANIK,41.4,85389.0,597053000.0,0.0,23825000.0,22035000.0,56183000.0,19126000.0,0.0,33.53,1.22,0.0,0.0,0.0,14580000.0,1.9,133256000.0,13.6625
ANIP,54.07,70462.0,633676000.0,204610000.0,58788000.0,37727000.0,20403000.0,237382000.0,0.0,13405.0,0.0,0.0,0.0,0.0,11820000.0,1.63,31144000.0,-10.39598138747885
ANSS,188.5,315850.0,15975000000.0,0.0,361477000.0,0.0,57096000.0,695792000.0,0.0,54.02,3.51,0.0,0.0,0.0,84300000.0,1.05,881501000.0,6.096236654804271
ANY,0.2984,360371.0,4131000.0,44840000.0,11482000.0,8366000.0,2742000.0,72817000.0,0.0,0.0,2.786,0.0,0.0,0.0,15300000.0,1.62,4598000.0,-3.4433006535947714
AOBC,15.22,752105.0,834327000.0,194630000.0,61258000.0,153353000.0,159125000.0,322912000.0,0.0,28.04,0.547,0.0,0.0,0.0,54390000.0,0.36,48860000.0,0.14144144144144144
AOSL,12.53,122212.0,293512000.0,91880000.0,52026000.0,90182000.0,330756000.0,240887000.0,0.0,21.58,0.57,0.0,0.0,0.0,23860000.0,0.3,131535000.0,12.804463537300922
APDN,1.16,41276.0,34629000.0,0.0,2587969.0,326468.0,523688.0,1295868.0,0.0,0.0,0.38,0.0,0.0,0.0,30110000.0,-1.07,2959781.0,0.14253775323812687
APEI,32.45,63539.0,537883000.0,0.0,7136000.0,0.0,92374000.0,49632000.0,0.0,22.6,1.45,0.0,0.0,0.0,16420000.000000002,0.51,179205000.0,13.84281364190012
APEN,7.205,9556.0,158403000.0,33310000.0,11729000.0,14343000.0,6885000.0,59148000.0,0.0,0.0,1.754,0.0,0.0,0.0,21880000.0,0.3,30513000.0,-0.2642481718464351
APLS,18.81,202376.0,1040000000.0,26760000.0,1297361.0,0.0,0.0,33188596.0,0.0,0.0,2.36,0.0,0.0,0.0,56180000.0,0.3,175643529.0,2.553007364720541
APOG,48.65,306539.0,1381000000.0,214540000.0,213892000.0,85028000.0,304063000.0,510965000.0,0.0,17.81,2.74,0.0,0.0,0.0,28270000.0,1.64,19359000.0,0.5443933498408207
APOP,4.94,7312.0,31702000.0,0.0,245000.0,0.0,1344000.0,11521000.0,0.0,0.0,0.93,0.0,0.0,0.0,6510000.0,3.56,13734000.0,0.574615975422427
APPF,90.85,159488.0,3041000000.0,0.0,3387000.0,0.0,6696000.0,25169000.0,0.0,174.56,0.51,0.0,0.0,0.0,15640000.0,1.11,16109000.0,0.011269181585677749
APPN,36.73,287981.0,2336000000.0,0.0,55315000.0,0.0,2663000.0,115528000.0,0.0,0.0,0.55,0.0,0.0,0.0,24760000.0,1.11,73758000.0,0.09609248788368337
APPS,1.25,338668.0,97549000.0,5430000.0,17050000.0,0.0,2757000.0,58935000.0,0.0,0.0,0.66,0.0,0.0,0.0,76810000.0,1.97,12720000.0,-0.39930347610988154
APRI,0.29,230689.0,6718000.0,0.0,0.0,0.0,0.0,0.0,0.0,0.0,0.64,0.0,0.0,0.0,23440000.0,1.62,0.0,0.0
APTI,40.11,463416.0,1838000000.0,108290000.0,68782000.0,0.0,10437000.0,146001000.0,0.0,0.0,0.59,0.0,0.0,0.0,44570000.0,1.62,55069000.0,-0.6486089297733901
APTO,2.77,167516.0,94434000.0,0.0,0.0,0.0,141000.0,1765000.0,0.0,0.0,0.822,0.0,0.0,0.0,34410000.0,2.84,10631000.0,0.2617553036907876
APTX,30.08,83625.0,162622000.0,0.0,937000.0,0.0,1816000.0,4654000.0,0.0,0.0,6.961,0.0,0.0,0.0,5420000.0,2.84,92136000.0,16.60530442804428
APVO,5.03,20047.0,115161000.0,19570000.0,2141000.0,1028000.0,5843000.0,34972000.0,0.0,101.6,0.05,0.0,0.0,0.0,22670000.0,0.7,7095000.0,-0.8784406704896339
APWC,2.7,683.0,37147000.0,35030000.0,135428000.0,97205000.0,42326000.0,112017000.0,0.0,6.67,0.4,0.0,0.0,0.0,13820000.0,1.94,46093000.0,9.158863965267727
AQB,3.03,59356.0,36232000.0,2990000.0,183926.0,172363.0,21802976.0,5751069.0,0.0,0.0,0.97,0.0,0.0,0.0,12850000.0,1.94,492861.0,1.3049722957198444
AQMS,2.7,156632.0,103930000.0,11330000.0,882000.0,1239000.0,45063000.0,15477000.0,0.0,0.0,1.21,0.0,0.0,0.0,38780000.0,-0.31,22793000.0,1.3837029396596183
AQST,18.31,176471.0,412040000.0,46430000.0,6179000.0,4014000.0,13460000.0,69611000.0,0.0,0.0,1.76,0.0,0.0,0.0,24940000.0,-0.31,17379000.0,-1.288321972734563
AQXP,2.87,155463.0,66140000.0,24.0,740000.0,0.0,905000.0,11442000.0,0.0,0.0,1.7,0.0,0.0,0.0,23540000.0,1.96,52032000.0,1.786321155480034
ARAY,3.8,313987.0,328655000.0,131080000.0,65994000.0,108540000.0,23698000.0,330095000.0,0.0,0.0,0.282,0.0,0.0,0.0,86490000.0,3.23,83083000.0,-1.3822233784252516
ARCB,49.5,201115.0,1265000000.0,249630000.0,298565000.0,0.0,591164000.0,714179000.0,0.0,21.03,2.342,0.0,0.0,0.0,25680000.0,1.85,120772000.0,8.632427959501557
ARCC,17.18,1864923.0,7388000000.0,0.0,298565000.0,0.0,591164000.0,714179000.0,0.0,9.33,0.0,0.0,0.0,0.0,0.0,1.85,120772000.0,8.632427959501557
ARCI,1.24,228914.0,8182000.0,946.0,10036000.0,762000.0,538000.0,20653000.0,0.0,0.0,1.03,0.0,0.0,0.0,6880000.0,0.37,3313000.0,-1.2927325581395348
ARCT,8.44,13808.0,96695000.0,0.0,480000.0,0.0,1049000.0,18230000.0,0.0,0.0,3.532,0.0,0.0,0.0,10740000.0,2.86,24965000.0,0.7582867783985102
ARCW,2.0,7134.0,45447000.0,39610000.0,10988000.0,14369000.0,41349000.0,64956000.0,0.0,0.0,1.14,0.0,0.0,0.0,23310000.0,2.41,593000.0,-0.32554697554697554
ARDM,1.29,7307.0,18982000.0,20870000.0,200000.0,0.0,289000.0,20596000.0,0.0,0.0,1.111,0.0,0.0,0.0,15190000.0,0.77,7095000.0,-0.8599078341013825
ARDX,3.8,471776.0,235804000.0,48840000.0,10796000.0,0.0,8032000.0,18591000.0,0.0,0.0,1.02,0.0,0.0,0.0,62050000.0,2.11,75383000.0,1.1751974214343273
AREX,2.03,174253.0,186278000.0,380470000.0,9795000.0,0.0,1082876000.0,492160000.0,0.0,8.99,0.227,0.0,0.0,0.0,91310000.0,3.05,21000.0,6.550030117183222
ARGX,89.4,127259.0,3097000000.0,0.0,3000000.0,0.0,676000.0,25977000.0,0.0,0.0,1.56,0.0,0.0,0.0,32450000.000000004,1.28,190867000.0,5.171525423728813
ARII,45.7,70399.0,872134000.0,532960000.0,63697000.0,54147000.0,1198949000.0,809892000.0,0.0,6.1,7.488,0.0,0.0,0.0,19080000.0,2.7,100244000.0,29.567465932914047
ARKR,22.7,732.0,77385000.0,21410000.0,3761000.0,1992000.0,45215000.0,37627000.0,0.0,15.93,1.4,0.0,0.0,0.0,3470000.0,0.58,1406000.0,3.69185878962536
ARLP,19.45,244695.0,2568000000.0,520670000.0,181982000.0,60275000.0,1476656000.0,1067885000.0,0.0,6.73,2.9,0.0,0.0,0.0,131370000.0,0.94,6756000.0,4.431384638806424
ARNA,40.82,443889.0,2082000000.0,59770000.0,14382000.0,0.0,30131000.0,132131000.0,0.0,0.0,2.64,0.0,0.0,0.0,49350000.0,2.21,158837000.0,1.3702836879432625
AROW,38.45,6826.0,543344000.0,261250000.0,0.0,1847000.0,27619000.0,2510862000.0,0.0,16.1,2.41,0.0,0.0,0.0,14000000.0,0.43,42067000.0,-174.30375
ARPO,3.61,85183.0,143468000.0,0.0,0.0,0.0,107223.0,3592164.0,0.0,0.0,0.9,0.0,0.0,0.0,40530000.0,0.43,20264109.0,0.41399378238341966
ARQL,5.39,600805.0,595229000.0,14600000.0,0.0,0.0,115000.0,24366000.0,0.0,0.0,0.191,0.0,0.0,0.0,108820000.0,0.4,20229000.0,-0.0369601176254365
ARRS,26.49,991728.0,4804000000.0,2160000000.0,1375934000.0,825211000.0,372467000.0,4440223000.0,0.0,40.3,0.661,0.0,0.0,0.0,180330000.0,0.83,487573000.0,-11.842882493206899
ARRY,13.84,1255101.0,2944000000.0,111780000.0,32084000.0,0.0,7128000.0,240621000.0,0.0,0.0,0.74,0.0,0.0,0.0,212550000.0,2.24,114748000.0,-0.44545753940249355
ARTNA,36.36,4384.0,334497000.0,126170000.0,12677000.0,1519000.0,464384000.0,347995000.0,0.0,22.45,1.62,0.0,0.0,0.0,8359999.999999999,-0.23,952000.0,15.264144736842107
ARTW,2.55,1719.0,11127000.0,4990000.0,1975440.0,11966722.0,7164121.0,8388799.0,0.0,0.0,0.5,0.0,0.0,0.0,4200000.0,0.72,212400.0,1.5363483333333334
ARTX,3.3,88350.0,87491000.0,15260000.0,36154339.0,8654878.0,9276088.0,45304958.0,0.0,15.09,0.222,0.0,0.0,0.0,26120000.0,0.37,5205246.0,0.023720109111791732
ARWR,18.33,1293053.0,1665000000.0,2380000.0,67797.0,0.0,15513019.0,23155118.0,0.0,0.0,0.68,0.0,0.0,0.0,88020000.0,2.16,24838567.0,0.19594769086571234
ASCMA,1.11,50408.0,13080000.0,1810000000.0,0.0,3495000.0,0.0,0.0,0.0,0.0,26.098,0.0,0.0,0.0,11900000.0,1.3,0.0,0.14684873949579832
ASET,28.17,436.0,13080000.0,1810000000.0,0.0,3495000.0,0.0,0.0,0.0,0.0,26.098,0.0,0.0,0.0,11900000.0,1.3,0.0,0.14684873949579832
ASFI,3.9,1914.0,25833000.0,86200000.0,15325000.0,0.0,243000.0,73902000.0,0.0,0.0,0.07,0.0,0.0,0.0,6620000.0,0.1,18526000.0,-6.59203172205438
ASLN,7.8,1193.0,206556000.0,9720000.0,0.0,0.0,13154000.0,469161000.0,0.0,0.0,0.31,0.0,0.0,0.0,160130000.0,0.1,1499784000.0,6.518310123025042
ASMB,35.43,155123.0,877141000.0,0.0,2273421.0,0.0,860026.0,56183676.0,0.0,0.0,3.02,0.0,0.0,0.0,25450000.0,0.96,82033209.0,1.1164882023575637
ASML,182.0,1063040.0,78700000000.0,3560000000.0,2265300000.0,2958400000.0,1546100000.0,7763200000.0,0.0,26.1,7.06,0.0,0.0,0.0,425310000.0,1.02,2259000000.0,-1.8337800663045778
ASNA,4.23,1125861.0,788775000.0,1520000000.0,82300000.0,639300000.0,1437600000.0,3050500000.0,0.0,0.0,0.453,0.0,0.0,0.0,191920000.0,1.95,325600000.0,-4.720326177573989
ASND,69.15,94066.0,2859000000.0,0.0,2376000.0,0.0,2557000.0,23768000.0,0.0,0.0,4.11,0.0,0.0,0.0,41840000.0,0.85,195351000.0,4.20463671128107
ASNS,1.81,43172.0,25338000.0,11190000.0,1608000.0,0.0,421000.0,22547000.0,0.0,0.0,5.09,0.0,0.0,0.0,14320000.0,0.85,76793000.0,3.901745810055866
ASPS,33.45,21705.0,579561000.0,398680000.0,61967000.0,0.0,73273000.0,525179000.0,0.0,2.08,16.35,0.0,0.0,0.0,17040000.0,0.22,105006000.0,-17.63056044600939
ASRV,4.5,37888.0,79310000.0,147310000.0,0.0,18000.0,12734000.0,1072553000.0,0.0,20.18,0.22,0.0,0.0,0.0,18030000.0,0.4,34183000.0,-56.88447032723239
ASTC,3.41,10911.0,13613000.0,0.0,146000.0,166000.0,3180000.0,2065000.0,0.0,0.0,2.899,0.0,0.0,0.0,4099999.9999999995,1.94,2184000.0,0.8515853658536586
ASTE,50.21,186882.0,1169000000.0,2370000.0,119952000.0,391379000.0,190396000.0,202814000.0,0.0,0.0,0.53,0.0,0.0,0.0,23090000.0,0.71,62280000.0,14.530770896491989
ASUR,13.8,118783.0,209464000.0,113780000.0,13361000.0,509000.0,5217000.0,139537000.0,0.0,0.0,0.68,0.0,0.0,0.0,15220000.0,0.62,27792000.0,-6.324096583442838
ASYS,5.08,60797.0,76437000.0,8400000.0,36794000.0,30210000.0,15792000.0,101140000.0,0.0,3.52,1.45,0.0,0.0,0.0,14990000.0,2.37,51121000.0,0.565276851234156
ATAI,1.33,81165.0,30455000.0,2280000.0,100105027.0,0.0,52460885.0,167064497.0,0.0,0.0,0.29,0.0,0.0,0.0,22900000.0,2.57,256090942.0,9.457034945414847
ATAX,5.9,54433.0,356672000.0,627050000.0,36055006.0,0.0,76692192.0,661613403.0,0.0,14.39,0.41,0.0,0.0,0.0,60450000.0,0.43,69597699.0,-8.077456699751862
ATEC,3.44,115836.0,140331000.0,40350000.0,14822000.0,27292000.0,12670000.0,87715000.0,0.0,0.0,0.7,0.0,0.0,0.0,42400000.0,0.73,22466000.0,-0.6560495283018868
ATHN,145.81,337705.0,5839000000.0,263700000.0,181200000.0,0.0,355100000.0,540800000.0,0.0,52.73,2.73,0.0,0.0,0.0,40500000.0,0.7,165100000.0,2.8469135802469134
ATHX,1.95,485410.0,263310000.0,0.0,739000.0,0.0,2206000.0,10217000.0,0.0,0.0,0.19,0.0,0.0,0.0,138580000.0,-0.3,29316000.0,0.15773740799538172
ATIS,0.26,191136.0,5437000.0,14530000.0,861031.0,0.0,333499.0,118978657.0,0.0,0.0,2.11,0.0,0.0,0.0,21750000.0,3.19,400223.0,-5.406858011494253
ATLC,2.81,15802.0,39312000.0,376950000.0,335481000.0,0.0,3229000.0,461740000.0,0.0,0.0,2.29,0.0,0.0,0.0,14140000.0,-0.77,41484000.0,-11.69846181046676
ATLO,26.9,29668.0,251395000.0,36110000.0,0.0,385509.0,15399146.0,1204306508.0,0.0,16.79,1.61,0.0,0.0,0.0,9310000.0,0.73,20442550.0,-125.48572046186897
ATNI,73.94,95789.0,1164000000.0,151000000.0,43529000.0,15398000.0,643146000.0,375382000.0,0.0,57.65,1.26,0.0,0.0,0.0,15960000.0,0.55,207956000.0,32.33494674185464
ATNX,16.13,259781.0,1095000000.0,1500000.0,8468000.0,16561000.0,9651000.0,49691000.0,0.0,0.0,1.59,0.0,0.0,0.0,66340000.0,0.55,39284000.0,0.20915737111848057
ATOM,16.13,259781.0,1095000000.0,0.0,110000.0,0.0,67000.0,949000.0,0.0,0.0,1.59,0.0,0.0,0.0,12410000.0,0.74,17369000.0,1.3351732473811442
ATOS,1.8,367519.0,8263000.0,0.0,358277.0,0.0,11467.0,1225407.0,0.0,0.0,6.9,0.0,0.0,0.0,5070000.0,4.37,7217469.0,1.237127564102564
ATRA,40.75,447944.0,1864000000.0,10300000.0,0.0,0.0,44129000.0,39915000.0,0.0,0.0,4.37,0.0,0.0,0.0,45340000.0,4.05,79223000.0,1.840251433612704
ATRC,34.78,122955.0,1201000000.0,52480000.0,23083000.0,22451000.0,28749000.0,106538000.0,0.0,0.0,0.62,0.0,0.0,0.0,35360000.0,-0.38,21809000.0,-0.7760817307692308
ATRI,34.78,122955.0,1201000000.0,0.0,17076000.0,29354000.0,66369000.0,19392000.0,0.0,0.0,0.62,0.0,0.0,0.0,1850000.0,0.17,30136000.0,56.53891891891892
ATRO,43.11,104191.0,1219000000.0,265340000.0,132633000.0,150196000.0,125830000.0,406029000.0,0.0,70.6,0.62,0.0,0.0,0.0,21540000.0,2.46,17914000.0,-4.0720636025998145
ATRS,3.17,703549.0,505373000.0,24990000.0,11878000.0,9275000.0,16158000.0,40791000.0,0.0,0.0,0.13,0.0,0.0,0.0,157440000.0,-0.71,26562000.0,0.09829141260162602
ATSG,22.09,245766.0,1323000000.0,520710000.0,109114000.0,22169000.0,1159962000.0,1153565000.0,0.0,15.18,1.48,0.0,0.0,0.0,59080000.0,1.83,32699000.0,2.234529451591063
ATTU,18.71,311584.0,400723000.0,0.0,11633000.0,0.0,1287000.0,28953000.0,0.0,0.0,0.08,0.0,0.0,0.0,21090000.0,2.2,29087000.0,0.4810692271218587
ATVI,80.43,5976507.0,61961000000.0,4390000000.0,918000000.0,46000000.0,294000000.0,9255000000.0,0.0,123.7,0.66,0.0,0.0,0.0,762410000.0,0.96,4713000000.0,-4.638580291444236
ATXI,3.21,8831.0,33141000.0,0.0,0.0,0.0,0.0,0.0,0.0,0.0,2.4,0.0,0.0,0.0,10550000.0,0.96,0.0,0.0
AUBN,46.36,5557.0,162222000.0,2730000.0,0.0,0.0,13791000.0,766475000.0,0.0,19.26,2.31,0.0,0.0,0.0,3640000.0,0.2,105528000.0,-177.7901098901099
AUDC,10.48,124603.0,305169000.0,7450000.0,26752000.0,16563000.0,3835000.0,78557000.0,0.0,48.8,0.22,0.0,0.0,0.0,28820000.0,0.76,24235000.0,-0.7682685634975711
AUPH,5.44,380537.0,497747000.0,0.0,109000.0,0.0,31000.0,24104000.0,0.0,0.0,0.56,0.0,0.0,0.0,85320000.0,1.4,165629000.0,1.6600767698077825
AUTL,28.82,129374.0,1164000000.0,0.0,3776093.0,0.0,3303603.0,3615823.0,0.0,0.0,1.18,0.0,0.0,0.0,38790000.0,1.4,102318704.0,2.7027211588038154
AUTO,3.5,34936.0,45318000.0,1000000.0,25911000.0,0.0,2311000.0,25746000.0,0.0,0.0,6.41,0.0,0.0,0.0,12950000.0,1.26,24993000.0,1.6209459459459459
AVAV,111.44,1168343.0,2749000000.0,0.0,69889000.0,38640000.0,19219000.0,62771000.0,0.0,52.29,2.23,0.0,0.0,0.0,23600000.0,1.2,143517000.0,7.275497881355932
AVDL,4.55,147026.0,162500000.0,113150000.0,16509000.0,6157000.0,3001000.0,167697000.0,0.0,0.0,0.07,0.0,0.0,0.0,36760000.0,3.06,16564000.0,-3.6091335690968442
AVEO,2.73,1040251.0,420264000.0,18730000.0,402000.0,0.0,0.0,90961000.0,0.0,0.0,0.317,0.0,0.0,0.0,121530000.0,1.4,14949000.0,-0.6229778655476014
AVGO,235.42,2754558.0,98830000000.0,17600000000.0,2448000000.0,1447000000.0,2599000000.0,31232000000.0,0.0,8.5,27.8,0.0,0.0,0.0,418170000.0,0.51,11204000000.0,-35.558504914269314
AVGR,1.48,264205.0,16635000.0,7830000.0,1127000.0,4295000.0,2950000.0,50778000.0,0.0,0.0,17.05,0.0,0.0,0.0,11550000.0,1.32,5389000.0,-3.4152597402597404
AVHI,21.4,147101.0,479095000.0,473090000.0,13702000.0,603851000.0,32664000.0,578174000.0,0.0,0.0,1.089,0.0,0.0,0.0,22360000.0,0.87,240990000.0,0.34355992844364935
AVID,5.65,137316.0,231936000.0,232060000.0,40134000.0,38421000.0,21903000.0,503254000.0,0.0,0.0,0.44,0.0,0.0,0.0,41790000.0,1.08,57223000.0,-8.969059583632449
AVNW,17.06,26059.0,91295000.0,9000000.0,57235000.0,22797000.0,17179000.0,98545000.0,0.0,51.52,0.33,0.0,0.0,0.0,5370000.0,1.45,37425000.0,1.933659217877095
AVRO,36.73,79750.0,940103000.0,0.0,0.0,0.0,349000.0,3657000.0,0.0,0.0,13.46,0.0,0.0,0.0,23720000.0,1.45,5963000.0,0.1119308600337268
AVT,47.57,698839.0,5539000000.0,1650000000.0,3641139000.0,3141822000.0,522909000.0,4911764000.0,0.0,0.0,1.3,0.0,0.0,0.0,115760000.0,0.87,621125000.0,4.613296907394609
AVXL,2.45,240931.0,105855000.0,0.0,9748.0,0.0,0.0,3584334.0,0.0,0.0,0.38,0.0,0.0,0.0,45430000.0,3.91,27440257.0,0.5252747963900506
AWRE,3.6,4589.0,77680000.0,0.0,2401000.0,0.0,4304000.0,4284000.0,0.0,400.0,0.01,0.0,0.0,0.0,21580000.0,-0.39,51608000.0,2.475845690454124
AWSM,4.72,334382.0,36709000.0,14940000.0,5069086.0,327266.0,193819.0,9613724.0,0.0,0.0,1.96,0.0,0.0,0.0,7090000.0,-0.99,735594.0,-0.6655660789844852
AXAS,2.26,981195.0,381818000.0,115490000.0,32093000.0,0.0,237767000.0,167498000.0,0.0,0.0,0.028,0.0,0.0,0.0,165290000.0,1.44,1618000.0,0.5805357250892371
AXDX,20.8,226704.0,1161000000.0,115500000.0,1946000.0,8063000.0,4890000.0,6808000.0,0.0,0.0,1.4,0.0,0.0,0.0,54130000.0,2.98,28513000.0,0.5927581747644559
AXGN,36.0,735866.0,1337000000.0,84.27,11064720.0,7315942.0,2197039.0,33692663.0,0.0,0.0,0.51,0.0,0.0,0.0,38320000.0,-0.09,36506624.0,0.4427847338204593
AXON,1.99,465656.0,251487000.0,53040000.0,1751000.0,0.0,2524000.0,89500000.0,0.0,0.0,1.9,0.0,0.0,0.0,122080000.0,-0.33,154337000.0,0.5625348132372215
AXSM,3.1,52866.0,81384000.0,8470000.0,0.0,0.0,68071.0,18838341.0,0.0,0.0,1.09,0.0,0.0,0.0,26250000.0,-0.15,34021123.0,0.5809848761904762
AXTI,7.25,279578.0,287003000.0,0.0,22778000.0,45840000.0,46530000.0,22883000.0,0.0,20.65,0.36,0.0,0.0,0.0,39050000.0,1.37,44352000.0,2.7657490396927016
AY,20.71,338378.0,2108000000.0,6200000000.0,238074000.0,17933000.0,0.0,8596886000.0,0.0,0.0,0.57,0.0,0.0,0.0,100220000.0,1.26,669387000.0,-77.2298642985432
AYTU,2.94,57942.0,5440000.0,0.0,578782.0,1338973.0,218684.0,7635588.0,0.0,0.0,5.68,0.0,0.0,0.0,1800000.0,4.56,7012527.0,0.38844222222222224
AZPN,117.17,415457.0,8443000000.0,170000000.0,21910000.0,0.0,9806000.0,549039000.0,0.0,58.14,2.04,0.0,0.0,0.0,71190000.0,1.41,96165000.0,-5.99291333052395
AZRX,2.65,11311.0,43798000.0,307.86,1104134.0,0.0,133987.0,3819076.0,0.0,0.0,0.99,0.0,0.0,0.0,16910000.0,1.41,573471.0,-0.13503947368421051
BABY,36.4,124773.0,1204000000.0,119380000.0,126809000.0,71529000.0,22071000.0,287822000.0,0.0,0.0,0.65,0.0,0.0,0.0,33080000.0,0.89,88950000.0,-1.3884446795646916
BAND,54.56,124511.0,1040000000.0,42.0,21225000.0,0.0,14946000.0,27783000.0,0.0,57.4,0.96,0.0,0.0,0.0,11790000.0,0.89,37627000.0,3.4528201865988124
BANF,61.0,43440.0,1997000000.0,34460000.0,0.0,4424000.0,0.0,0.0,0.0,19.9,3.07,0.0,0.0,0.0,32740000.000000004,0.71,1714090000.0,52.422174709835055
BANR,64.62,223477.0,2088000000.0,470520000.0,0.0,467000.0,154815000.0,8490583000.0,0.0,28.94,2.23,0.0,0.0,0.0,32330000.0,0.67,261200000.0,-249.7474327250232
BANX,22.4,2370.0,146320000.0,0.0,0.0,467000.0,154815000.0,8490583000.0,0.0,12.61,0.0,0.0,0.0,0.0,0.0,0.67,261200000.0,-249.7474327250232
BASI,1.61,86568.0,17212000.0,4330000.0,3145000.0,913000.0,14965000.0,11950000.0,0.0,80.0,0.021,0.0,0.0,0.0,10250000.0,1.51,434000.0,0.6111463414634146
BATRA,26.15,34766.0,1329000000.0,625000000.0,0.0,0.0,0.0,0.0,0.0,0.0,0.55,0.0,0.0,0.0,10240000.0,1.19,0.0,0.0
BATRK,26.19,171468.0,1327000000.0,625000000.0,0.0,0.0,0.0,0.0,0.0,0.0,0.55,0.0,0.0,0.0,39740000.0,1.19,0.0,0.0
BBBY,17.53,3593435.0,2532000000.0,1490000000.0,0.0,2730874000.0,1909289000.0,4152178000.0,0.0,6.36,2.84,0.0,0.0,0.0,140130000.0,1.12,346140000.0,-3.7915649753800045
BBGI,6.9,30863.0,193926000.0,210690000.0,60600682.0,0.0,59318933.0,368552581.0,0.0,2.52,2.796,0.0,0.0,0.0,10840000.0,0.68,13922390.0,-23.049884363468635
BBH,131.71,6928.0,193926000.0,210690000.0,60600682.0,0.0,59318933.0,368552581.0,0.0,2.52,2.796,0.0,0.0,0.0,10840000.0,0.68,13922390.0,-23.049884363468635
BBOX,1.0,289572.0,15539000.0,159100000.0,196868000.0,26992000.0,24239000.0,325993000.0,0.0,0.0,6.46,0.0,0.0,0.0,15230000.0,0.83,33469000.0,-7.034668417596849
BBSI,65.27,38295.0,484209000.0,4280000.0,138350000.0,0.0,24909000.0,593651000.0,0.0,18.64,3.53,0.0,0.0,0.0,7360000.0,0.28,59835000.0,-55.04680706521739
BCAC,10.2,199634.0,24811000.0,401.8,0.0,0.0,0.0,57507947.0,0.0,0.0,0.25,0.0,0.0,0.0,2430000.0,0.28,210088.0,-23.5793658436214
BCBP,14.5,13081.0,228060000.0,324130000.0,0.0,532000.0,18768000.0,1766383000.0,0.0,19.55,0.74,0.0,0.0,0.0,15780000.0,0.39,124235000.0,-102.85893536121672
BCLI,3.97,43286.0,81438000.0,0.0,672000.0,0.0,379000.0,5543000.0,0.0,0.0,0.39,0.0,0.0,0.0,20670000.0,2.6,2483000.0,-0.10532172230285437
BCNA,21.06,1569.0,81438000.0,0.0,672000.0,0.0,379000.0,5543000.0,0.0,0.0,0.39,0.0,0.0,0.0,20670000.0,2.6,2483000.0,-0.10532172230285437
BCOM,9.14,85.0,259909000.0,4370000000.0,2162000000.0,125000000.0,6940000000.0,17553000000.0,0.0,0.0,2.69,0.0,0.0,0.0,29790000.0,1.5,2386000000.0,-219.63746223564954
BCOR,35.3,186900.0,1720000000.0,260030000.0,30696000.0,0.0,8475000.0,442251000.0,0.0,23.84,1.51,0.0,0.0,0.0,47640000.0,-0.79,59965000.0,-7.36332913518052
BCOV,8.15,129104.0,289139000.0,35.0,25236000.0,0.0,9143000.0,60859000.0,0.0,0.0,0.42,0.0,0.0,0.0,35920000.0,0.85,26132000.0,-0.1853285077951002
BCPC,113.42,104731.0,3699000000.0,210750000.0,91226000.0,60696000.0,189793000.0,346755000.0,0.0,38.3,3.0,0.0,0.0,0.0,32210000.0,0.7,40416000.0,-0.5519559143123254
BCRX,7.13,413799.0,770049000.0,51690000.0,6117000.0,0.0,9546000.0,94492000.0,0.0,0.0,0.83,0.0,0.0,0.0,109380000.0,2.02,50282000.0,-0.27497028707259097
BDGE,34.95,24763.0,697453000.0,381040000.0,0.0,0.0,33505000.0,4000802000.0,0.0,32.76,1.08,0.0,0.0,0.0,19790000.0,0.92,90847000.0,-195.87923193532086
BDSI,2.85,191111.0,166766000.0,49390000.0,8852000.0,6091000.0,3778000.0,79224000.0,0.0,0.0,0.856,0.0,0.0,0.0,59560000.0,0.07,21195000.0,-0.7482622565480188
BEAT,60.25,499858.0,2030000000.0,202490000.0,0.0,0.0,0.0,0.0,0.0,0.0,0.05,0.0,0.0,0.0,32720000.0,1.52,0.0,0.0
BECN,39.07,651849.0,2677000000.0,3010000000.0,897598000.0,551924000.0,156129000.0,1667751000.0,0.0,33.01,1.19,0.0,0.0,0.0,68110000.0,1.02,138250000.0,-6.228329173395977
BELFA,23.15,5854.0,330675000.0,115460000.0,78808000.0,107719000.0,43495000.0,273305000.0,0.0,0.0,0.87,0.0,0.0,0.0,2170000.0,0.7,69354000.0,-21.885023041474653
BELFB,28.15,23537.0,336496000.0,115460000.0,78808000.0,107719000.0,43495000.0,273305000.0,0.0,0.0,0.87,0.0,0.0,0.0,9840000.0,0.23,69354000.0,-4.826270325203252
BFIN,15.95,17647.0,278725000.0,50900000.0,0.0,2351000.0,24856000.0,1427924000.0,0.0,22.57,0.71,0.0,0.0,0.0,17440000.0,0.13,127592000.0,-73.06768922018348
BFIT,19.67,806.0,278725000.0,50900000.0,0.0,2351000.0,24856000.0,1427924000.0,0.0,22.57,0.71,0.0,0.0,0.0,17440000.0,0.13,127592000.0,-73.06768922018348
BFRA,13.4,2018.0,301500000.0,15370000.0,1561000.0,3733000.0,746000.0,16467000.0,0.0,0.0,0.85,0.0,0.0,0.0,44420000.0,0.38,11083000.0,-0.036036695182350295
BGCP,11.79,1085047.0,4524000000.0,2050000000.0,1748771000.0,0.0,189347000.0,4270974000.0,0.0,73.64,0.16,0.0,0.0,0.0,292000000.0,0.79,634333000.0,-7.314095034246575
BGFV,5.2,336083.0,111442000.0,94890000.0,10886000.0,313905000.0,67250000.0,257991000.0,0.0,0.0,0.41,0.0,0.0,0.0,21430000.0,-2.56,7170000.0,-0.8611292580494634
BGNE,163.81,234121.0,9544000000.0,209750000.0,47292000.0,10930000.0,62568000.0,352258000.0,0.0,0.0,5.11,0.0,0.0,0.0,59030000.0,0.67,239602000.0,-0.15507369134338472
BHBK,23.05,38116.0,626800000.0,215470000.0,0.0,0.0,21573000.0,2270714000.0,0.0,32.18,0.72,0.0,0.0,0.0,26900000.0,0.06,46167000.0,-81.89494423791821
BHF,40.79,733114.0,5027000000.0,8860000000.0,13374000000.0,0.0,0.0,2.09612e+11,0.0,0.0,4.85,0.0,0.0,0.0,119780000.0,0.06,1857000000.0,-1650.7305059275338
BHTG,3.5,14907.0,50209000.0,5720000.0,274405.0,332101.0,1514653.0,20933060.0,0.0,0.0,1.44,0.0,0.0,0.0,14550000.0,2.02,901112.0,-1.2471093298969071
BIB,65.73,77862.0,50209000.0,5720000.0,274405.0,332101.0,1514653.0,20933060.0,0.0,0.0,1.44,0.0,0.0,0.0,14550000.0,2.02,901112.0,-1.2471093298969071
BICK,25.5894,23747.0,50209000.0,5720000.0,274405.0,332101.0,1514653.0,20933060.0,0.0,0.0,1.44,0.0,0.0,0.0,14550000.0,2.02,901112.0,-1.2471093298969071
BIDU,222.42,2195026.0,77034000000.0,8250000000.0,28989000000.0,0.0,12475000000.0,1.21356e+11,0.0,19.98,11.01,0.0,0.0,0.0,350110000.0,1.81,11084000000.0,-217.2324412327554
BIIB,340.58,841229.0,68225000000.0,5930000000.0,2319600000.0,902700000.0,3182400000.0,11054500000.0,0.0,24.05,14.08,0.0,0.0,0.0,201440000.0,1.49,1573800000.0,-20.389445988880063
BILI,13.35,3901177.0,3765000000.0,0.0,455032000.0,9981000.0,186418000.0,1397994000.0,0.0,0.0,0.98,0.0,0.0,0.0,278480000.0,1.49,762882000.0,-0.36781636024131
BIOC,3.12,144789.0,6776000.0,2060000.0,1193426.0,498702.0,3123567.0,6082872.0,0.0,0.0,15.44,0.0,0.0,0.0,2270000.0,-0.13,2146611.0,0.14613502202643172
BIOL,2.09,62075.0,42842000.0,80.0,10124000.0,12298000.0,3674000.0,13724000.0,0.0,0.0,1.008,0.0,0.0,0.0,20600000.0,1.85,11645000.0,0.7445145631067961
BIOS,2.95,718654.0,381577000.0,493270000.0,85522000.0,38044000.0,26973000.0,605765000.0,0.0,0.0,0.42,0.0,0.0,0.0,128050000.00000001,-0.21,39457000.0,-3.5624482623975005
BIS,16.61,17078.0,381577000.0,493270000.0,85522000.0,38044000.0,26973000.0,605765000.0,0.0,0.0,0.42,0.0,0.0,0.0,128050000.00000001,-0.21,39457000.0,-3.5624482623975005
BJRI,73.1,259885.0,1552000000.0,110000000.0,0.0,0.0,0.0,0.0,0.0,27.28,2.71,0.0,0.0,0.0,21020000.0,-0.19,0.0,0.0
BKCC,6.14,458901.0,431067000.0,0.0,0.0,0.0,0.0,0.0,0.0,110.36,0.0,0.0,0.0,0.0,0.0,-0.19,0.0,0.0
BKEP,2.45,165545.0,104031000.0,349590000.0,10659000.0,0.0,296069000.0,336185000.0,0.0,0.0,0.24,0.0,0.0,0.0,40390000.0,0.97,2469000.0,-0.7341606833374598
BKEPP,6.47,3458.0,267984000.0,349590000.0,10659000.0,0.0,296069000.0,336185000.0,0.0,0.0,0.24,0.0,0.0,0.0,0.0,0.88,2469000.0,-0.7341606833374598
BKNG,1882.61,367943.0,90969000000.0,8760000000.0,1217801000.0,0.0,480081000.0,14190665000.0,0.0,34.4,55.7,0.0,0.0,0.0,47470000.0,0.97,2541604000.0,-216.04443332631135
BKSC,20.3,3134.0,112415000.0,0.0,0.0,0.0,0.0,0.0,0.0,20.0,1.02,0.0,0.0,0.0,5510000.0,-0.35,0.0,0.0
BKYI,1.6,18677.0,21657000.0,0.0,2985811.0,946847.0,181165.0,2325527.0,0.0,0.0,0.67,0.0,0.0,0.0,13970000.0,-0.49,288721.0,0.06135581603435934
BL,54.29,471434.0,3052000000.0,0.0,61589000.0,0.0,12769000.0,146256000.0,0.0,0.0,0.69,0.0,0.0,0.0,53940000.0,-0.49,31104000.0,-1.041736188357434
BLBD,23.25,653124.0,688622000.0,145800000.0,10148000.0,76155000.0,34708000.0,354326000.0,0.0,30.68,0.83,0.0,0.0,0.0,27110000.0,1.11,62616000.0,-7.794669863518997
BLCM,6.16,228255.0,273966000.0,35530000.0,320000.0,0.0,25942000.0,50880000.0,0.0,0.0,2.63,0.0,0.0,0.0,43350000.0,0.35,38839000.0,0.32620530565167244
BLCN,23.43,15841.0,273966000.0,35530000.0,320000.0,0.0,25942000.0,50880000.0,0.0,0.0,2.63,0.0,0.0,0.0,43350000.0,0.35,38839000.0,0.32620530565167244
BLDP,3.37,1723515.0,677557000.0,6210000.0,0.0,0.0,0.0,0.0,0.0,0.0,0.08,0.0,0.0,0.0,178790000.0,1.49,0.0,0.0
BLDR,16.21,1034361.0,1891000000.0,1970000000.0,0.0,0.0,0.0,0.0,0.0,24.86,0.66,0.0,0.0,0.0,114720000.0,2.52,0.0,0.0
BLFS,18.15,348484.0,304871000.0,0.0,1021315.0,1846746.0,1106036.0,2050617.0,0.0,0.0,0.01,0.0,0.0,0.0,16460000.0,2.23,6663318.0,0.4500666008505468
BLIN,1.06,213458.0,4284000.0,3010000.0,3026000.0,0.0,209000.0,6299000.0,0.0,0.0,1.64,0.0,0.0,0.0,4240000.0,0.59,748000.0,-0.7246462264150944
BLKB,103.07,261041.0,4946000000.0,479810000.0,96293000.0,0.0,42243000.0,1452524000.0,0.0,75.84,1.38,0.0,0.0,0.0,47320000.0,0.84,29830000.0,-27.646476120033814
BLMN,18.54,1560613.0,1785000000.0,1140000000.0,96293000.0,0.0,42243000.0,1452524000.0,0.0,16.76,1.15,0.0,0.0,0.0,92540000.0,-0.24,29830000.0,-14.136927274692026
BLMT,33.0,16159.0,321803000.0,859250000.0,53000.0,0.0,2254000.0,2498536000.0,0.0,16.38,2.02,0.0,0.0,0.0,9750000.0,0.41,85670000.0,-247.23817948717948
BLNK,3.05,626978.0,65390000.0,337.97,227918.0,247466.0,376920.0,38781396.0,0.0,0.0,9.18,0.0,0.0,0.0,24680000.0,5.05,185151.0,-1.5366553282009725
BLPH,1.22,1385155.0,69936000.0,0.0,0.0,0.0,1026000.0,39404000.0,0.0,0.0,0.77,0.0,0.0,0.0,57800000.0,0.06,28823000.0,-0.16531141868512111
BLRX,0.871,370167.0,91837000.0,202.0,0.0,0.0,0.0,0.0,0.0,0.0,0.244,0.0,0.0,0.0,106380000.0,0.69,0.0,0.0
BLUE,148.45,326052.0,7912000000.0,155320000.0,7712000.0,0.0,199606000.0,277135000.0,0.0,0.0,9.51,0.0,0.0,0.0,54160000.0,2.65,758505000.0,12.680206794682423
BMCH,21.75,318478.0,1471000000.0,364350000.0,378678000.0,337798000.0,295820000.0,726451000.0,0.0,16.19,1.35,0.0,0.0,0.0,67320000.0,1.38,11750000.0,0.505444147355912
BMLP,51.3,4.0,1471000000.0,364350000.0,378678000.0,337798000.0,295820000.0,726451000.0,0.0,16.19,1.35,0.0,0.0,0.0,67320000.0,1.38,11750000.0,0.505444147355912
BMRA,3.51,5082.0,30980000.0,0.0,799940.0,2178777.0,351149.0,896808.0,0.0,0.0,0.17,0.0,0.0,0.0,8950000.0,-0.33,1204903.0,0.26241201117318436
BMRC,87.05,6989.0,607086000.0,6080000.0,0.0,0.0,8612000.0,2171129000.0,0.0,28.59,3.06,0.0,0.0,0.0,6940000.0,0.84,203545000.0,-282.27262247838615
BMRN,99.57,1268396.0,17654000000.0,1190000000.0,261365000.0,475775000.0,896700000.0,1824462000.0,0.0,0.0,0.71,0.0,0.0,0.0,177590000.0,2.1,598028000.0,0.5866166450813672
BMTC,47.45,29880.0,968747000.0,434860000.0,0.0,304000.0,54458000.0,3921601000.0,0.0,26.31,1.82,0.0,0.0,0.0,20250000.0,0.41,54224000.0,-188.2847901234568
BNCL,17.35,160979.0,1301000000.0,515000000.0,0.0,189000.0,70573000.0,4763938000.0,0.0,45.66,0.38,0.0,0.0,0.0,74980000.0,0.66,535515000.0,-55.45152707388637
BND,78.89,3195030.0,1301000000.0,515000000.0,0.0,189000.0,70573000.0,4763938000.0,0.0,45.66,0.38,0.0,0.0,0.0,74980000.0,0.66,535515000.0,-55.45152707388637
BNDX,54.64,805942.0,1301000000.0,515000000.0,0.0,189000.0,70573000.0,4763938000.0,0.0,45.66,0.38,0.0,0.0,0.0,74980000.0,0.66,535515000.0,-55.45152707388637
BNFT,42.3,95260.0,1342000000.0,128410000.0,30156000.0,0.0,65021000.0,204440000.0,0.0,0.0,0.78,0.0,0.0,0.0,31890000.0,1.0,55335000.0,-1.9274694261523988
BNSO,3.22,1036.0,15503000.0,2750000.0,1544000.0,1012000.0,10434000.0,7666000.0,0.0,3290.0,0.0,0.0,0.0,0.0,4710000.0,1.31,8751000.0,2.7989384288747345
BNTC,2.44,2924.0,30570000.0,0.0,4255000.0,0.0,319000.0,2595000.0,0.0,0.0,0.82,0.0,0.0,0.0,205140000.0,3.85,16085000.0,0.08287145364141561
BOCH,12.9,27466.0,211317000.0,85490000.0,0.0,35000.0,14748000.0,1142157000.0,0.0,21.62,0.6,0.0,0.0,0.0,16320000.0,0.81,64820000.0,-65.10854779411764
BOFI,35.47,501989.0,2301000000.0,511920000.0,0.0,9591000.0,21454000.0,8578991000.0,0.0,15.47,2.37,0.0,0.0,0.0,62780000.0,0.09,544417000.0,-127.56171551449506
BOJA,13.8,151932.0,499694000.0,136450000.0,8009000.0,0.0,0.0,0.0,0.0,8.18,1.66,0.0,0.0,0.0,36880000.0,1.15,0.0,0.16287283080260304
BOKF,103.06,154819.0,6760000000.0,7190000000.0,518877000.0,102431000.0,317335000.0,28753826000.0,0.0,17.9,5.77,0.0,0.0,0.0,65440000.0,1.15,2317054000.0,-392.406230898533
BOLD,37.81,234428.0,1466000000.0,0.0,0.0,0.0,24372000.0,22064000.0,0.0,0.0,3.28,0.0,0.0,0.0,37330000.0,0.8,38967000.0,1.1056790784891508
BOMN,29.6,50741.0,667203000.0,0.0,1095777.0,0.0,9111013.0,5088411.0,0.0,0.0,0.48,0.0,0.0,0.0,21010000.0,0.8,6838345.0,0.5560580556877678
BOOM,38.75,52948.0,579915000.0,34610000.0,49468000.0,35742000.0,59872000.0,67303000.0,0.0,0.0,0.41,0.0,0.0,0.0,14890000.0,0.12,8983000.0,3.7961047683008733
BOSC,2.45,15844.0,8747000.0,2640000.0,9904000.0,3240000.0,651000.0,11189000.0,0.0,9.81,0.251,0.0,0.0,0.0,3550000.0,1.1,1533000.0,0.012112676056338029
BOTJ,16.0,5047.0,69617000.0,5000000.0,1366000.0,2650000.0,12055000.0,574676000.0,0.0,18.34,0.87,0.0,0.0,0.0,4380000.0,0.37,30285000.0,-121.00148401826485
BOTZ,22.16,738837.0,69617000.0,5000000.0,1366000.0,2650000.0,12055000.0,574676000.0,0.0,18.34,0.87,0.0,0.0,0.0,4380000.0,0.37,30285000.0,-121.00148401826485
BOXL,3.2,91162.0,31378000.0,2340000.0,3096135.0,4626569.0,29752.0,11403049.0,0.0,0.0,1.187,0.0,0.0,0.0,10060000.0,0.37,2010325.0,-0.4699389910536779
BPFH,13.95,434503.0,1184000000.0,1250000000.0,11154000.0,0.0,37640000.0,7508339000.0,0.0,50.54,0.28,0.0,0.0,0.0,84570000.0,0.61,120541000.0,-86.81320208111623
BPMC,74.74,275226.0,3247000000.0,692.0,0.0,0.0,24363000.0,91767000.0,0.0,0.0,4.09,0.0,0.0,0.0,43890000.0,1.04,400304000.0,7.584871269081796
BPOP,50.42,334476.0,5144000000.0,1870000000.0,77514000.0,188855000.0,547142000.0,39173432000.0,0.0,17.92,2.81,0.0,0.0,0.0,102320000.0,0.86,402857000.0,-372.0765246286161
BPTH,1.12,31667.0,12702000.0,0.0,0.0,0.0,654000.0,791000.0,0.0,0.0,0.76,0.0,0.0,0.0,11340000.0,2.27,5965000.0,0.5139329805996473
BPY,19.71,5968246.0,16230000000.0,45010000000.0,428000000.0,0.0,56814000000.0,49223000000.0,0.0,11.34,1.77,0.0,0.0,0.0,371940000.0,1.14,1491000000.0,25.280959294509866
BRAC,9.85,24898.0,43002000.0,0.0,0.0,0.0,0.0,134460073.0,0.0,0.0,0.04,0.0,0.0,0.0,4370000.0,1.14,427954.0,-30.670965446224255
BRACU,10.4,0.0,40173000.0,0.0,0.0,0.0,0.0,134460073.0,0.0,0.0,0.035,0.0,0.0,0.0,4370000.0,1.14,427954.0,-30.670965446224255
BREW,18.0,51658.0,343686000.0,10800000.0,28937000.0,13844000.0,106283000.0,78846000.0,0.0,24.32,0.73,0.0,0.0,0.0,19360000.0,-0.21,579000.0,2.925658574380165
BRID,13.85,7534.0,124353000.0,0.0,19148000.0,23016000.0,18571000.0,41507000.0,0.0,16.73,0.82,0.0,0.0,0.0,9080000.0,2.06,12109000.0,1.6566079295154186
BRKL,17.35,203777.0,1411000000.0,1130000000.0,0.0,4419000.0,80283000.0,5967666000.0,0.0,22.19,0.79,0.0,0.0,0.0,80190000.0,0.83,21005000.0,-73.1284262376855
BRKR,35.62,420582.0,5554000000.0,220600000.0,319300000.0,486200000.0,266500000.0,1215000000.0,0.0,61.36,0.58,0.0,0.0,0.0,156310000.0,1.65,325000000.0,-0.9015737956624656
BRKS,34.92,833708.0,2467000000.0,196470000.0,120828000.0,106395000.0,58462000.0,158984000.0,0.0,19.98,1.75,0.0,0.0,0.0,70630000.0,1.3,101622000.0,2.051798102789183
BRQS,4.55,435.0,142430000.0,23750000.0,79210000.0,17031000.0,1362000.0,101727000.0,0.0,0.0,0.62,0.0,0.0,0.0,31300000.0,1.3,13060000.0,-0.6192332268370607
BRY,16.01,381734.0,1282000000.0,457330000.0,54720000.0,5938000.0,1387191000.0,687092000.0,0.0,0.0,2.34,0.0,0.0,0.0,81340000.0,1.3,33905000.0,9.56494959429555
BSET,21.25,25943.0,239411000.0,541.0,19640000.0,54476000.0,103244000.0,102288000.0,0.0,18.58,1.2,0.0,0.0,0.0,10740000.0,0.53,53949000.0,9.019832402234638
BSPM,1.85,4382.0,4721000.0,2430000.0,7025190.0,166564.0,5866612.0,5623261.0,0.0,5.26,0.34,0.0,0.0,0.0,2640000.0,0.74,173290.0,2.1851573863636364
BSQR,2.15,66643.0,28605000.0,0.0,18951000.0,0.0,989000.0,18004000.0,0.0,0.0,1.01,0.0,0.0,0.0,12710000.0,2.11,12859000.0,0.7912863886703383
BSRR,30.35,142526.0,467203000.0,51920000.0,0.0,5481000.0,29388000.0,2084356000.0,0.0,18.92,1.62,0.0,0.0,0.0,15260000.0,0.76,70137000.0,-129.8879750982962
BSTC,61.16,24121.0,423322000.0,0.0,4655105.0,0.0,0.0,7479556.0,0.0,31.03,1.87,0.0,0.0,0.0,7290000.0,1.81,7333810.0,0.45892767489711933
BTAI,8.15,82135.0,129075000.0,0.0,0.0,0.0,4000.0,2337000.0,0.0,0.0,0.92,0.0,0.0,0.0,15650000.0,1.81,887000.0,-0.0923961661341853
BTEC,37.0,1663.0,129075000.0,0.0,0.0,0.0,4000.0,2337000.0,0.0,0.0,0.92,0.0,0.0,0.0,15650000.0,1.81,887000.0,-0.0923961661341853
BURG,2.38,12107.0,9303000.0,9820000.0,475988.0,460756.0,8548592.0,18694135.0,0.0,0.0,2.15,0.0,0.0,0.0,3710000.0,1.88,272976.0,-2.5027487870619947
BUSE,31.06,121234.0,1531000000.0,618070000.0,0.0,1283000.0,116913000.0,6925637000.0,0.0,19.55,1.6,0.0,0.0,0.0,48850000.0,1.1,326272000.0,-132.6880348004094
BVSN,1.75,2032.0,8497000.0,0.0,1193000.0,0.0,35000.0,4670000.0,0.0,0.0,1.72,0.0,0.0,0.0,5000000.0,1.02,8560000.0,0.96395
BVXV,5.7,1705.0,37252000.0,5690000.0,1988000.0,0.0,5510000.0,25443000.0,0.0,0.0,2.26,0.0,0.0,0.0,6540000.0,0.92,71382000.0,8.094801223241591
BWEN,2.21,21687.0,34964000.0,21340000.0,13644000.0,19279000.0,55693000.0,46279000.0,0.0,0.0,1.32,0.0,0.0,0.0,15470000.0,1.75,78000.0,1.8981577246283128
BWFG,31.42,2981.0,242401000.0,224860000.0,0.0,0.0,18196000.0,1635580000.0,0.0,15.66,2.0,0.0,0.0,0.0,7730000.0,0.33,52131000.0,-202.49068564036222
BYFC,1.65,23013.0,42267000.0,89100000.0,0.0,878000.0,2406000.0,365973000.0,0.0,0.0,0.01,0.0,0.0,0.0,18000000.0,1.25,22219000.0,-18.93938888888889
BYSI,26.0,1034.0,600227000.0,0.0,0.0,0.0,123000.0,4792000.0,0.0,0.0,2.64,0.0,0.0,0.0,23170000.0,1.25,27481000.0,0.984548985757445
BZUN,47.85,1954969.0,2618000000.0,26400000.0,1286345000.0,0.0,0.0,0.0,0.0,80.93,0.57,0.0,0.0,0.0,56950000.0,3.19,0.0,16.94045215100966
CA,43.95,2342527.0,18420000000.0,2920000000.0,793000000.0,0.0,237000000.0,7165000000.0,0.0,39.76,1.11,0.0,0.0,0.0,418170000.0,0.72,3405000000.0,-7.002534854245881
CAAS,3.78,7167.0,117083000.0,71620000.0,313975000.0,79217000.0,126033000.0,411240000.0,0.0,0.0,0.91,0.0,0.0,0.0,31640000.0,2.1,64558000.0,1.7206305309734513
CAC,44.1,11678.0,692829000.0,679870000.0,313975000.0,79217000.0,126033000.0,411240000.0,0.0,20.97,2.12,0.0,0.0,0.0,15580000.0,0.38,64558000.0,3.4942715019255455
CACC,443.99,98078.0,8638000000.0,3670000000.0,4621800000.0,0.0,20500000.0,3449800000.0,0.0,15.8,28.16,0.0,0.0,0.0,19410000.0,0.29,8200000.0,2.3312725399278724
CACG,31.35,3166.0,8638000000.0,3670000000.0,4621800000.0,0.0,20500000.0,3449800000.0,0.0,15.8,28.16,0.0,0.0,0.0,19410000.0,0.29,8200000.0,2.3312725399278724
CADC,4.45,30861.0,21451000.0,29520000.0,47783200.0,626738.0,3644203.0,69226844.0,0.0,16.8,0.26,0.0,0.0,0.0,4990000.0,1.7,224679.0,-5.853144889779559
CAKE,52.99,717860.0,2335000000.0,134790000.0,0.0,0.0,0.0,0.0,0.0,17.95,2.95,0.0,0.0,0.0,44110000.0,0.07,0.0,0.0
CALA,4.8,260699.0,168241000.0,0.0,1142000.0,0.0,1759000.0,42148000.0,0.0,0.0,0.93,0.0,0.0,0.0,35990000.0,3.29,48475000.0,0.24847179772158934
